Abolfazl SafarDokht ; male ; 09093853901 ; AbolfazlSafarDokht1373@example.com ; Zahedan, Emam Street , no. 667
Ahmad Gasemi ; male ; 09566772506 ; AhmadGasemi1357@example.com ; Mashhad, Rezvan Street , no. 585
Ahmad Jafari ; male ; 09132287713 ; AhmadJafari1359@example.com ; Gilan, Engelab Street , no. 990
Ahmad Kafash ; male ; 09715844457 ; AhmadKafash1362@example.com ; Mashhad, Andisheh Street , no. 261
Akbar Asadollahi ; male ; 09113452012 ; AkbarAsadollahi1352@example.com ; Shiraz, Azadi Street , no. 989
Akbar Irani ; male ; 09026839037 ; AkbarIrani1319@example.com ; Tehran, Shahnaz Street , no. 62
Akbar Karimi ; male ; 09789284911 ; AkbarKarimi1386@example.com ; Zanjan, Velayat Street , no. 154
Akbar Masoudi ; male ; 09928510026 ; AkbarMasoudi1344@example.com ; Tehran, ValiAsr Street , no. 381
Ali Kiyani ; male ; 09092174976 ; AliKiyani1361@example.com ; Tehran, Engelab Street , no. 204
Ali Masoudi ; male ; 09500653977 ; AliMasoudi1366@example.com ; Zahedan, Engelab Street , no. 404
Ali Rezaee ; male ; 09983348859 ; AliRezaee1310@example.com ; Kordestan, Velayat Street , no. 726
AliReza Alipour ; male ; 09853711646 ; AliRezaAlipour1392@example.com ; Mashhad, Shahnaz Street , no. 960
AliReza Alipour ; male ; 09579789778 ; AliRezaAlipour1355@example.com ; Tabriz, Azadi Street , no. 9
AliReza Faraji ; male ; 09647995366 ; AliRezaFaraji1337@example.com ; Esfahan, Shahnaz Street , no. 284
AliReza Karimi ; male ; 09194273705 ; AliRezaKarimi1302@example.com ; Esfahan, Shahnaz Street , no. 948
Amir Alipour ; male ; 09083199256 ; AmirAlipour1327@example.com ; Mazandaran, Shahnaz Street , no. 137
Amir Kiyani ; male ; 09272683681 ; AmirKiyani1318@example.com ; Urmia, Emam Street , no. 475
Amir Masoudi ; male ; 09694852016 ; AmirMasoudi1303@example.com ; Shiraz, Andisheh Street , no. 497
Amir Mousavi ; male ; 09540984338 ; AmirMousavi1384@example.com ; Mashhad, ValiAsr Street , no. 49
Amir Raimi ; male ; 09798227844 ; AmirRaimi1356@example.com ; Tabriz, Andisheh Street , no. 91
Amir Razagi ; male ; 09434155130 ; AmirRazagi1341@example.com ; Esfahan, Andisheh Street , no. 869
Amir Sehatmand ; male ; 09357711511 ; AmirSehatmand1364@example.com ; Ahvaz, Velayat Street , no. 843
Amir Yaghoubi ; male ; 09972631317 ; AmirYaghoubi1374@example.com ; Qazvin, ValiAsr Street , no. 621
AmirAli Gasemi ; male ; 09744427822 ; AmirAliGasemi1370@example.com ; Mazandaran, Velayat Street , no. 996
AmirAli Masoudi ; male ; 09765937546 ; AmirAliMasoudi1343@example.com ; Ahvaz, Engelab Street , no. 34
Asghar Irani ; male ; 09461362602 ; AsgharIrani1371@example.com ; Gilan, Rezvan Street , no. 917
Ebrahim Sadati ; male ; 09825600187 ; EbrahimSadati1373@example.com ; Mazandaran, Shahnaz Street , no. 324
Ehsan Emami ; male ; 09441248241 ; EhsanEmami1399@example.com ; Kerman, Shohada Street , no. 861
Ehsan Masoudi ; male ; 09990334365 ; EhsanMasoudi1398@example.com ; Kerman, Shohada Street , no. 415
Ehsan Salehi ; male ; 09297455222 ; EhsanSalehi1303@example.com ; Zabol, Engelab Street , no. 664
Elyas Kashefi ; male ; 09795935192 ; ElyasKashefi1346@example.com ; Tehran, ValiAsr Street , no. 131
Faramarz Sadati ; male ; 09687299467 ; FaramarzSadati1382@example.com ; Zanjan, Azadi Street , no. 681
Faramarz Sehatmand ; male ; 09847707414 ; FaramarzSehatmand1304@example.com ; Shiraz, Velayat Street , no. 976
Fatemeh HosseinZadeh ; female ; 09598651417 ; FatemehHosseinZadeh1391@example.com ; Kordestan, Velayat Street , no. 797
Hadi Asghari ; male ; 09991920882 ; HadiAsghari1381@example.com ; Mazandaran, Shohada Street , no. 382
Hadi Kafash ; male ; 09482980577 ; HadiKafash1394@example.com ; Qazvin, Shahnaz Street , no. 672
Hadi Masoudi ; male ; 09763635123 ; HadiMasoudi1313@example.com ; Lorestan, Emam Street , no. 614
Hadis Alipour ; female ; 09228892668 ; HadisAlipour1391@example.com ; Mashhad, Rezvan Street , no. 991
Hadis Kashefi ; female ; 09576743966 ; HadisKashefi1398@example.com ; Tehran, Rezvan Street , no. 990
Hadis Masoudi ; female ; 09189154843 ; HadisMasoudi1369@example.com ; Tabriz, Emam Street , no. 933
Haleh Alipour ; female ; 09647531592 ; HalehAlipour1325@example.com ; Hamedan, Shohada Street , no. 641
Haleh Asadollahi ; female ; 09269450456 ; HalehAsadollahi1392@example.com ; Kerman, Rezvan Street , no. 142
Haleh Gasemi ; female ; 09750722973 ; HalehGasemi1395@example.com ; Esfahan, Rezvan Street , no. 327
Haleh Jafari ; female ; 09204547841 ; HalehJafari1373@example.com ; Mashhad, Velayat Street , no. 752
Haleh Yaghoubi ; female ; 09952375812 ; HalehYaghoubi1397@example.com ; Golestan, Shohada Street , no. 238
Hamed Ashnayee ; male ; 09082716029 ; HamedAshnayee1336@example.com ; Hamedan, Emam Street , no. 148
Hamed KhodaDoost ; male ; 09540876413 ; HamedKhodaDoost1346@example.com ; Golestan, Velayat Street , no. 453
Hamed Kiyani ; male ; 09541881190 ; HamedKiyani1331@example.com ; Golestan, Rezvan Street , no. 689
Hamid KhodaDoost ; male ; 09058798011 ; HamidKhodaDoost1335@example.com ; Hamedan, Shohada Street , no. 757
Hanah Mousavi ; female ; 09793102989 ; HanahMousavi1300@example.com ; Gilan, Shohada Street , no. 671
Hanah Salehi ; female ; 09617695323 ; HanahSalehi1376@example.com ; Qazvin, Rezvan Street , no. 621
Hassan Asadollahi ; male ; 09164591775 ; HassanAsadollahi1387@example.com ; Lorestan, Rezvan Street , no. 636
Hassan Gasemi ; male ; 09625546515 ; HassanGasemi1332@example.com ; Qazvin, Rezvan Street , no. 313
Hassan HosseinZadeh ; male ; 09289983671 ; HassanHosseinZadeh1315@example.com ; Hamedan, Azadi Street , no. 975
Hassan KhodaDoost ; male ; 09151514456 ; HassanKhodaDoost1388@example.com ; Kerman, Engelab Street , no. 91
Helia HosseinZadeh ; female ; 09925392946 ; HeliaHosseinZadeh1370@example.com ; Esfahan, Emam Street , no. 233
Helia Raimi ; female ; 09879134870 ; HeliaRaimi1374@example.com ; Qazvin, Shohada Street , no. 153
Hossein Asghari ; male ; 09597671800 ; HosseinAsghari1389@example.com ; Lorestan, Emam Street , no. 867
Hossein Emami ; male ; 09475204143 ; HosseinEmami1395@example.com ; Qazvin, Velayat Street , no. 23
Hossein Faraji ; male ; 09289004964 ; HosseinFaraji1395@example.com ; Shiraz, Engelab Street , no. 20
Jafar Alipour ; male ; 09183104222 ; JafarAlipour1394@example.com ; Mashhad, Engelab Street , no. 464
Jafar Gasemi ; male ; 09558515589 ; JafarGasemi1300@example.com ; Tabriz, Azadi Street , no. 438
Jafar Irani ; male ; 09205249267 ; JafarIrani1360@example.com ; Tehran, ValiAsr Street , no. 216
Jafar Karimi ; male ; 09126623013 ; JafarKarimi1381@example.com ; Tabriz, Engelab Street , no. 567
Jafar Rezaee ; male ; 09905306276 ; JafarRezaee1342@example.com ; Esfahan, Rezvan Street , no. 339
Jafar Sehatmand ; male ; 09879054095 ; JafarSehatmand1331@example.com ; Golestan, Andisheh Street , no. 51
Javad Asghari ; male ; 09213510024 ; JavadAsghari1329@example.com ; Zabol, Emam Street , no. 239
Javad Ashnayee ; male ; 09189463285 ; JavadAshnayee1396@example.com ; Shiraz, Emam Street , no. 10
Javad Kazemi ; male ; 09478265891 ; JavadKazemi1364@example.com ; Gilan, Engelab Street , no. 564
Javad SafarDokht ; male ; 09884365570 ; JavadSafarDokht1351@example.com ; Zabol, Shohada Street , no. 290
Kimiya Alipour ; female ; 09831619792 ; KimiyaAlipour1354@example.com ; Esfahan, Engelab Street , no. 555
Kimiya Emami ; female ; 09220589023 ; KimiyaEmami1339@example.com ; Mazandaran, Velayat Street , no. 78
Kimiya Faraji ; female ; 09637192477 ; KimiyaFaraji1303@example.com ; Gilan, Azadi Street , no. 869
Kimiya Gasemi ; female ; 09131754830 ; KimiyaGasemi1384@example.com ; Zahedan, Velayat Street , no. 892
Kimiya Kashefi ; female ; 09250449637 ; KimiyaKashefi1377@example.com ; Qazvin, ValiAsr Street , no. 127
Kimiya Rezaee ; female ; 09437647566 ; KimiyaRezaee1387@example.com ; Tabriz, ValiAsr Street , no. 271
Kimiya Sadati ; female ; 09928237813 ; KimiyaSadati1363@example.com ; Lorestan, Velayat Street , no. 755
Koosha Alipour ; male ; 09323827738 ; KooshaAlipour1346@example.com ; Mashhad, Shohada Street , no. 83
Koosha Mousavi ; male ; 09939388187 ; KooshaMousavi1395@example.com ; Gilan, Azadi Street , no. 242
Kosar Asghari ; female ; 09893476989 ; KosarAsghari1355@example.com ; Gilan, Velayat Street , no. 314
Kosar Asghari ; female ; 09810555291 ; KosarAsghari1370@example.com ; Kordestan, Velayat Street , no. 857
Kosar Kafash ; female ; 09834134915 ; KosarKafash1369@example.com ; Esfahan, Shahnaz Street , no. 797
Kosar Karbasi ; female ; 09468919405 ; KosarKarbasi1381@example.com ; Gilan, Emam Street , no. 563
Kosar Karimi ; female ; 09938831055 ; KosarKarimi1369@example.com ; Esfahan, Velayat Street , no. 87
Maedeh HosseinZadeh ; female ; 09332576074 ; MaedehHosseinZadeh1353@example.com ; Urmia, Shahnaz Street , no. 594
Maedeh Karimi ; female ; 09775551284 ; MaedehKarimi1313@example.com ; Zabol, Azadi Street , no. 222
Maedeh Karimi ; female ; 09198016981 ; MaedehKarimi1352@example.com ; Zanjan, ValiAsr Street , no. 616
Maedeh Kashefi ; female ; 09323110971 ; MaedehKashefi1358@example.com ; Kerman, ValiAsr Street , no. 248
Maedeh Masoudi ; female ; 09958314936 ; MaedehMasoudi1334@example.com ; Esfahan, Engelab Street , no. 412
Maedeh Razagi ; female ; 09495877051 ; MaedehRazagi1311@example.com ; Golestan, Andisheh Street , no. 468
Mahdi Ashnayee ; male ; 09639975174 ; MahdiAshnayee1369@example.com ; Tehran, Shohada Street , no. 422
Mahdi Emami ; male ; 09437650685 ; MahdiEmami1366@example.com ; Tabriz, Azadi Street , no. 524
Mahdi Masoudi ; male ; 09364756061 ; MahdiMasoudi1345@example.com ; Zanjan, Shahnaz Street , no. 378
Mahdi Raimi ; male ; 09823723622 ; MahdiRaimi1382@example.com ; Hamedan, Shahnaz Street , no. 709
Mahdi Sehatmand ; male ; 09543499928 ; MahdiSehatmand1312@example.com ; Gilan, Engelab Street , no. 432
Mahdis Agdasi ; female ; 09409291815 ; MahdisAgdasi1388@example.com ; Lorestan, Emam Street , no. 99
Mahdis Faraji ; female ; 09547556744 ; MahdisFaraji1397@example.com ; Qazvin, Azadi Street , no. 872
Mahdis Kafash ; female ; 09806448857 ; MahdisKafash1314@example.com ; Kerman, Velayat Street , no. 235
Mahdis Masoudi ; female ; 09257958268 ; MahdisMasoudi1384@example.com ; Tabriz, Engelab Street , no. 664
Mahdis Raimi ; female ; 09890497722 ; MahdisRaimi1351@example.com ; Shiraz, Shohada Street , no. 212
Mahdis Sadati ; female ; 09809318708 ; MahdisSadati1383@example.com ; Zanjan, Shohada Street , no. 449
Mahdis Sehatmand ; female ; 09350619137 ; MahdisSehatmand1316@example.com ; Golestan, Shahnaz Street , no. 312
Mahdiyeh Kafash ; female ; 09474197352 ; MahdiyehKafash1330@example.com ; Kordestan, Shahnaz Street , no. 164
Mahdiyeh Kashefi ; female ; 09844116508 ; MahdiyehKashefi1348@example.com ; Kerman, Shohada Street , no. 502
Maryam Alipour ; female ; 09252286262 ; MaryamAlipour1344@example.com ; Qazvin, Velayat Street , no. 341
Marziyeh Irani ; female ; 09013931543 ; MarziyehIrani1353@example.com ; Zabol, Engelab Street , no. 355
Marziyeh Kashefi ; female ; 09773404889 ; MarziyehKashefi1317@example.com ; Hamedan, Rezvan Street , no. 915
Marziyeh Kazemi ; female ; 09685008442 ; MarziyehKazemi1301@example.com ; Gilan, Engelab Street , no. 789
Marziyeh SafarDokht ; female ; 09143961635 ; MarziyehSafarDokht1309@example.com ; Tehran, ValiAsr Street , no. 205
Masoumeh Agdasi ; female ; 09155420012 ; MasoumehAgdasi1329@example.com ; Zabol, Shahnaz Street , no. 213
Masoumeh Rezaee ; female ; 09541135521 ; MasoumehRezaee1304@example.com ; Tehran, Engelab Street , no. 119
Masoumeh Salehi ; female ; 09047189250 ; MasoumehSalehi1374@example.com ; Esfahan, Azadi Street , no. 76
Mina Asadollahi ; female ; 09515570088 ; MinaAsadollahi1326@example.com ; Shiraz, Velayat Street , no. 42
Mina Kashefi ; female ; 09728492052 ; MinaKashefi1391@example.com ; Tabriz, Shohada Street , no. 961
Mina Kiyani ; female ; 09613634903 ; MinaKiyani1335@example.com ; Esfahan, Shahnaz Street , no. 486
Mina Sadati ; female ; 09095782110 ; MinaSadati1353@example.com ; Gilan, Andisheh Street , no. 949
Mina SafarDokht ; female ; 09711023253 ; MinaSafarDokht1335@example.com ; Kordestan, ValiAsr Street , no. 318
Mitra Ashnayee ; female ; 09410842915 ; MitraAshnayee1349@example.com ; Tabriz, Azadi Street , no. 332
Mitra Karimi ; female ; 09923893669 ; MitraKarimi1360@example.com ; Gilan, Azadi Street , no. 751
Mobina Emami ; female ; 09052604257 ; MobinaEmami1327@example.com ; Tabriz, ValiAsr Street , no. 803
Mobina KhodaDoost ; female ; 09103779625 ; MobinaKhodaDoost1355@example.com ; Zabol, Andisheh Street , no. 357
Mobina Mousavi ; female ; 09073801254 ; MobinaMousavi1345@example.com ; Lorestan, Emam Street , no. 479
Mohadese Emami ; female ; 09925561240 ; MohadeseEmami1318@example.com ; Mazandaran, Shahnaz Street , no. 931
Mohadese Masoudi ; female ; 09904108703 ; MohadeseMasoudi1351@example.com ; Ahvaz, Emam Street , no. 390
Mohammad Alipour ; male ; 09281675096 ; MohammadAlipour1343@example.com ; Qazvin, Shohada Street , no. 253
Mohammad Gasemi ; male ; 09955690363 ; MohammadGasemi1361@example.com ; Kordestan, ValiAsr Street , no. 901
Mohammad KhodaDoost ; male ; 09280364166 ; MohammadKhodaDoost1354@example.com ; Shiraz, Azadi Street , no. 881
Mohammad Masoudi ; male ; 09576411675 ; MohammadMasoudi1365@example.com ; Qazvin, Shahnaz Street , no. 728
Mohammad Raimi ; male ; 09864918681 ; MohammadRaimi1314@example.com ; Urmia, Shahnaz Street , no. 151
Mohammad Raimi ; male ; 09062807538 ; MohammadRaimi1351@example.com ; Qazvin, Rezvan Street , no. 8
Mohammad Rezaee ; male ; 09619732287 ; MohammadRezaee1300@example.com ; Tehran, ValiAsr Street , no. 883
Mohammad Salehi ; male ; 09997127101 ; MohammadSalehi1362@example.com ; Lorestan, Andisheh Street , no. 83
Mohsen Ashnayee ; male ; 09527162528 ; MohsenAshnayee1393@example.com ; Ahvaz, Shohada Street , no. 393
Nahid Irani ; female ; 09937887533 ; NahidIrani1388@example.com ; Mashhad, ValiAsr Street , no. 578
Nastaran Sehatmand ; female ; 09778864460 ; NastaranSehatmand1304@example.com ; Ahvaz, Andisheh Street , no. 655
Parinaz Agdasi ; female ; 09918724733 ; ParinazAgdasi1395@example.com ; Zahedan, Emam Street , no. 29
Parinaz Rezaee ; female ; 09015494934 ; ParinazRezaee1341@example.com ; Tabriz, Azadi Street , no. 322
Parinaz Rezaee ; female ; 09431087366 ; ParinazRezaee1337@example.com ; Ahvaz, ValiAsr Street , no. 404
Parisa Akbari ; female ; 09780471979 ; ParisaAkbari1328@example.com ; Shiraz, Engelab Street , no. 506
Parisa Ashnayee ; female ; 09409631943 ; ParisaAshnayee1307@example.com ; Kordestan, Shohada Street , no. 104
Parisa Emami ; female ; 09797647133 ; ParisaEmami1313@example.com ; Hamedan, Andisheh Street , no. 759
Parisa Javadi ; female ; 09426196277 ; ParisaJavadi1331@example.com ; Qazvin, Shohada Street , no. 735
Parisa Javadi ; female ; 09507582692 ; ParisaJavadi1356@example.com ; Urmia, Shahnaz Street , no. 237
Parisa Masoudi ; female ; 09340498601 ; ParisaMasoudi1354@example.com ; Urmia, Emam Street , no. 491
Parisa Rezaee ; female ; 09502920039 ; ParisaRezaee1345@example.com ; Ahvaz, Shahnaz Street , no. 946
Pouya Alipour ; male ; 09832922811 ; PouyaAlipour1362@example.com ; Zanjan, Shohada Street , no. 222
Pouya Irani ; male ; 09872546009 ; PouyaIrani1386@example.com ; Mashhad, Velayat Street , no. 328
Pouya Karimi ; male ; 09230282601 ; PouyaKarimi1337@example.com ; Urmia, Shahnaz Street , no. 579
Pouya Mousavi ; male ; 09979249141 ; PouyaMousavi1354@example.com ; Tabriz, Shahnaz Street , no. 989
Pouya Sadati ; male ; 09902279253 ; PouyaSadati1321@example.com ; Golestan, ValiAsr Street , no. 498
Pouya Sadati ; male ; 09477211587 ; PouyaSadati1386@example.com ; Zanjan, Shahnaz Street , no. 60
Pouya Sadati ; male ; 09219125764 ; PouyaSadati1309@example.com ; Hamedan, Shahnaz Street , no. 11
Reza Akbari ; male ; 09234593364 ; RezaAkbari1398@example.com ; Urmia, Shohada Street , no. 155
Reza Irani ; male ; 09084494197 ; RezaIrani1320@example.com ; Zabol, Shahnaz Street , no. 666
Reza Javadi ; male ; 09963752460 ; RezaJavadi1398@example.com ; Shiraz, Andisheh Street , no. 571
Reza Masoudi ; male ; 09714588136 ; RezaMasoudi1372@example.com ; Ahvaz, Andisheh Street , no. 977
Reza Rezaee ; male ; 09023043110 ; RezaRezaee1345@example.com ; Golestan, Shahnaz Street , no. 125
Rogayeh Akbari ; female ; 09190415889 ; RogayehAkbari1312@example.com ; Tabriz, Azadi Street , no. 915
Rogayeh Jafari ; female ; 09139288224 ; RogayehJafari1391@example.com ; Zahedan, ValiAsr Street , no. 143
Rogayeh KhodaDoost ; female ; 09273241143 ; RogayehKhodaDoost1386@example.com ; Shiraz, Velayat Street , no. 714
Sara Akbari ; female ; 09212954120 ; SaraAkbari1372@example.com ; Zabol, Azadi Street , no. 138
Sara SafarDokht ; female ; 09103424291 ; SaraSafarDokht1315@example.com ; Kerman, Rezvan Street , no. 640
Shabnam Faraji ; female ; 09556038376 ; ShabnamFaraji1331@example.com ; Zahedan, ValiAsr Street , no. 947
Shabnam HosseinZadeh ; female ; 09885432124 ; ShabnamHosseinZadeh1373@example.com ; Hamedan, Rezvan Street , no. 608
Shabnam Masoudi ; female ; 09593266629 ; ShabnamMasoudi1399@example.com ; Shiraz, Engelab Street , no. 741
Shabnam Raimi ; female ; 09966378349 ; ShabnamRaimi1383@example.com ; Hamedan, Engelab Street , no. 775
Sina Karbasi ; male ; 09154733350 ; SinaKarbasi1333@example.com ; Ahvaz, Andisheh Street , no. 893
Sina Razagi ; male ; 09226016975 ; SinaRazagi1335@example.com ; Qazvin, Engelab Street , no. 419
Taha Agdasi ; male ; 09331478416 ; TahaAgdasi1366@example.com ; Mashhad, Velayat Street , no. 546
Taha Karbasi ; male ; 09299738391 ; TahaKarbasi1313@example.com ; Shiraz, Engelab Street , no. 82
Taha Kazemi ; male ; 09770597115 ; TahaKazemi1321@example.com ; Esfahan, ValiAsr Street , no. 695
Taha Rezaee ; male ; 09539434972 ; TahaRezaee1349@example.com ; Mashhad, Rezvan Street , no. 956
Taha Salehi ; male ; 09786103192 ; TahaSalehi1332@example.com ; Tehran, Engelab Street , no. 255
Taher Asghari ; male ; 09937954128 ; TaherAsghari1345@example.com ; Lorestan, Azadi Street , no. 997
Taher Irani ; male ; 09358789183 ; TaherIrani1386@example.com ; Lorestan, Engelab Street , no. 738
Taher KhodaDoost ; male ; 09742883250 ; TaherKhodaDoost1381@example.com ; Lorestan, Rezvan Street , no. 587
Taher Rezaee ; male ; 09017206418 ; TaherRezaee1373@example.com ; Zanjan, Shohada Street , no. 928
Taher Sadati ; male ; 09908371246 ; TaherSadati1363@example.com ; Zabol, Shohada Street , no. 550
Taher Sehatmand ; male ; 09699444609 ; TaherSehatmand1302@example.com ; Kerman, Emam Street , no. 236
Taher Yaghoubi ; male ; 09503691269 ; TaherYaghoubi1344@example.com ; Hamedan, Azadi Street , no. 46
Taher Yaghoubi ; male ; 09016025587 ; TaherYaghoubi1333@example.com ; Mashhad, Shohada Street , no. 19
Tara Ashnayee ; female ; 09267399954 ; TaraAshnayee1391@example.com ; Zahedan, Engelab Street , no. 845
Tara Faraji ; female ; 09885800596 ; TaraFaraji1397@example.com ; Esfahan, Engelab Street , no. 585
Tara KhodaDoost ; female ; 09612650622 ; TaraKhodaDoost1378@example.com ; Kordestan, Engelab Street , no. 53
Tara Sehatmand ; female ; 09909835482 ; TaraSehatmand1383@example.com ; Zahedan, ValiAsr Street , no. 29
Zahra Alipour ; female ; 09766441408 ; ZahraAlipour1326@example.com ; Kordestan, Shohada Street , no. 258
Zahra Karbasi ; female ; 09473334986 ; ZahraKarbasi1373@example.com ; Tehran, Engelab Street , no. 649
Zahra Karbasi ; female ; 09459884655 ; ZahraKarbasi1378@example.com ; Kerman, Azadi Street , no. 645
Zahra Kiyani ; female ; 09976259077 ; ZahraKiyani1307@example.com ; Golestan, Shahnaz Street , no. 113
Zahra Sadati ; female ; 09317797237 ; ZahraSadati1372@example.com ; Lorestan, Shohada Street , no. 183
Zahra Sadati ; female ; 09410431889 ; ZahraSadati1385@example.com ; Mashhad, ValiAsr Street , no. 80
Zeynab Kafash ; female ; 09125951851 ; ZeynabKafash1399@example.com ; Tehran, ValiAsr Street , no. 831
Zeynab Masoudi ; female ; 09189015819 ; ZeynabMasoudi1307@example.com ; Esfahan, Shohada Street , no. 525
javad javadi ; male ; 123456789 ; javadjavadi@gmail.com ; 
mohsen farajollahi ; male ; 09147589064 ; gmohsenfarajollahi@gmail.com ; benis , kooye andishe , pelake 67